,Ã‰tat,Marque,Date,nom,Prix,Description
0,NEUF SANS Ã‰TIQUETTE,PLEIN SPORT ,2022-04-04,Baskets Philipp Plein Sport Homme,60.0,VÃ©ritables Baskets / Sneakers Philipp Plein Homme de taille 45 jamais portÃ©
1,BON Ã‰TAT,KAPPA ,2022-04-04,Baskets Kappa pointure 32,6.0,"Paire de baskets Kappa pointure 32
N hesitez pas a regarder mon profil j ai beaucoup de choses Ã  vendre , voici le lien
https://www.vinted.fr/member/51588376-stephanie16400"
2,NEUF AVEC Ã‰TIQUETTE,BALENCIAGA ,2022-04-04,Balenciaga Baskets femme blanches ,248.0,"Chaussures neuves. 
Aucune Ã©raflure, aucune abrasion. 
La qualitÃ© est garantie. 
Besoin de commander rapidement "
3,NEUF AVEC Ã‰TIQUETTE,BALENCIAGA ,2022-04-04,Balenciaga papa chaussures homme baskets ,285.0,"Belles chaussures neuves pour hommes. 
Aucune Ã©raflure, aucune abrasion. 
Le prix est trÃ¨s beau, voulait commander "
4,TRÃˆS BON Ã‰TAT,ADIDAS ,2022-04-04,Baskets Adidas,30.0,"PortÃ© qu'une fois, taille 40
PayÃ© 70â‚¬"
5,BON Ã‰TAT,HEELYS ,2022-04-04,Baskets A Roulettes One Wil,18.0,"Elles ont Ã©tÃ© portÃ© quelques fois.
Elles ont quelques signes dâ€™usure visuelle au niveau du clapet de la roue.
Elles sont en bon Ã©tat et entiÃ¨rement fonctionnel.
Elle taille correctement. Et elles ont une jolie couleur dorÃ©e.
Le mÃ©canisme pour faire sortir les roues sont trÃ¨s facile Ã  utiliser.
Elles sont vendus encore dans la boÃ®te dâ€™origine."
6,NEUF SANS Ã‰TIQUETTE,NIKE ,2022-04-04,Baskets Nike air max,25.0,"Bonjour je vend cette Paire Nike air max portÃ© que 1 seul fois , livraison rapide. Taille 39 pour plus d'informations contactez moi."
7,TRÃˆS BON Ã‰TAT,NIKE ,2022-04-04,"Baskets Nike Air Zoom - Taille 35,5",85.0,"Baskets Nike Air Zoom 
Taille 35,5 
TrÃ¨s bon Ã©tat 
Prix dâ€™achat : 189,99 euros"
13,NEUF AVEC Ã‰TIQUETTE,GEOX ,2022-04-04,Geox KILWI - Baskets bleu marine jeans,49.0,"Neuves, jamais portÃ©es, idÃ©al rentrÃ©e scolaire"
14,TRÃˆS BON Ã‰TAT,BONS BAISERS DE PANAME ,2022-04-04,Baskets Bons Baisers de Paname T37,50.0,"En trÃ¨s bon Ã©tat, couleur navy , trÃ¨s peu portÃ©es 
Taille 37"
15,NEUF AVEC Ã‰TIQUETTE,ADIDAS ,2022-04-04,Baskets Adidas,59.0,"Baskets tout neufs, jamais portÃ©, 
Envoie rapide et soignÃ©"
16,NEUF AVEC Ã‰TIQUETTE,NIKE ,2022-04-04,Baskets Nike,85.0,"Neuf avec Ã©tiquette 
Taille 38 
Dans sa boÃ®te dâ€™origine 
Homme/Femme

Baskets #nike"
17,TRÃˆS BON Ã‰TAT,KIDS BY GÃ‰MO ,2022-04-04,Baskets tissu pointure 27,6.0,"Baskets rose en tissu pointure 27, tache rose sur le bout des chaussures voir photos 
N hesitez pas a regarder mon profil j ai beaucoup de choses Ã  vendre , voici le lien
https://www.vinted.fr/member/51588376-stephanie16400"
18,TRÃˆS BON Ã‰TAT,MARC BY MARC JACOBS ,2022-03-30,"Baskets 'Marc by Marc Jacobs"" bleues marines et blanches 41",55.0,"Je vends cette paire de basket de la marque ""Marc by Marc Jabobs"" bleues marines et blanches. Pointure 41.
Elles sont en trÃ¨s bon Ã©tat. Je les ai portÃ©es 4 fois (elles sont malheureusement trop petites pour moi).
AchetÃ©es 150 euros en magasin."
19,NEUF SANS Ã‰TIQUETTE,Ã‰RAM ,2022-03-26,Baskets,15.0,Baskets fleurs blanches. PortÃ©es une fois. TrÃ¨s confortables. Un peu de transparence entre les fleurs
20,NEUF AVEC Ã‰TIQUETTE,VANESSA WU ,2022-04-02,Baskets Vanessa Wu,49.0,"Baskets argentÃ©es et vertes de chez Vanessa Wu pointure 41 
Neuves dans boÃ®te d'origine elles sont malheureusement trop grandes pour moi"
21,TRÃˆS BON Ã‰TAT,STEVE MADDEN ,2022-03-14,Steve Madden baskets vernies noires petit 37,15.0,"iront davantage Ã  un 36,5 
achetÃ©es sur Vinted
mais trop courtes pour mon 37"
22,TRÃˆS BON Ã‰TAT,LE TEMPS DES CERISES ,2022-04-04,Baskets cuir le temps des cerises 41,23.0,"baskets en excellent etat
semelle noircie dâ€™origine pour donner un style usagÃ© 
tres peu portÃ©es 
pointure 41"
23,TRÃˆS BON Ã‰TAT,LACOSTE ,2022-04-04,Baskets Lacoste fille pointure 35,18.0,"Baskets en trÃ¨s bon Ã©tat car peu portÃ©es, ma fille a eu des converses juste aprÃ¨s et ne les a plus portÃ©es. Pas d' usure de la semelle ( photo) AchetÃ©es 65â‚¬ en magasin."
24,TRÃˆS BON Ã‰TAT,KAPPA ,2022-04-04,Baskets Kappa taille 37,15.0,Baskets ultra lÃ©gÃ¨re trÃ¨s agrÃ©able Ã  porter de marque Kappa taille 37
25,NEUF SANS Ã‰TIQUETTE,MOLLY BRACKEN ,2022-03-27,Baskets,25.0,"Baskets basse, blanches et argentÃ© Ã  l'arriÃ¨re, neuve avec sa boÃ®te d'origine ğŸ‘"
26,BON Ã‰TAT,PUMA ,2022-03-26,Paire de baskets de fille,8.0,paire de baskets filles puma a scratchs
27,NEUF SANS Ã‰TIQUETTE,SKECHERS ,2022-03-29,Baskets,18.0,"Basket Sneakers
Dessus synthÃ©tique
DoublÃ© Textile
Pointure 37
Pas servi"
28,TRÃˆS BON Ã‰TAT,CONVERSE ,2022-04-04,Baskets converse,30.0,"Sublime converses, pointure 41,en parfait Ã©tat.
Peut se porter baskets haute ou repliÃ©e"
29,NEUF AVEC Ã‰TIQUETTE,GLOBE ,2022-04-04,"Baskets Globe, neuves",55.0,"Non portÃ©es, toutes neuves dans leur boÃ®te. 

Tres joli modÃ¨le, Couleur "" strawberry sundae "", rose poudrÃ©. Confortables et durables 
2Ã¨me lacet fourni 

Envoi trÃ¨s rapide"
30,TRÃˆS BON Ã‰TAT,AUTRE TON ,2022-04-04,Baskets femmes 41,6.0,Baskets femmes taille 41 marron Ã  lacets lÃ©gÃ¨rement bombÃ©e aux pieds idÃ©ale pour la marche et galber vos mollets
31,TRÃˆS BON Ã‰TAT,GEOX ,2022-04-04,baskets,35.0,"baskets"" GEOX "" noires .
Elles sont quasi neuves (trop grandes pour moi)
Fermeture Ã©clair sur l'arriÃ¨re de la chaussure.
Semelle intÃ©rieure cuir.
Cuir verni noir sur avant de la chaussure.
Etat impeccable!"
32,TRÃˆS BON Ã‰TAT,REMONTE SOFT ,2022-03-30,"Chaussures Sport Femme, Sneakers Femme, Baskets Femme,TrÃ¨s bon Ã©tat, Marque Â« Remonte Â» Taille 37ğŸŒº",19.0,"Baskets Femme , marquage de petits points dorÃ©s sur le devant et sur une partie des cotÃ©s, et noir brillant Ã  lâ€™arriÃ¨re .
TrÃ¨s bon Ã©tat.
fermeture ZIP &Lacets
 TrÃ¨s peu portÃ©.
Pris dâ€™achat â‚¬59,00.

@jeannema1952"
33,NEUF AVEC Ã‰TIQUETTE,FOREVER FOLIE ,2022-04-04,Baskets plate forme,20.0,Joli basket noir imprimÃ© lÃ©opard Ã  plateforme neuf juste portÃ© une fois. Trop grande .41 encore dans sa boÃ®te
34,NEUF SANS Ã‰TIQUETTE,CETTI ,2022-04-01,Chaussures/Baskets T.41 CETTI Neuve,70.0,"Chaussures/Baskets T.41 CETTI Neuve
valeur 129 â‚¬"
35,TRÃˆS BON Ã‰TAT,LOTTO ,2022-04-04,Zapatillas Lotto/ Baskets Lotto,28.0,"Zapatillas Lotto. Modelo Wayne Mid VI Suede W fucsia

Baskets Lotto. ModÃ¨le Wayne Mid VI Suede W fucsia"
36,TRÃˆS BON Ã‰TAT,ANDRÃ‰ ,2022-04-04,Baskets montantes quasi neuves,8.0,"Parfait Ã©tat ;PortÃ©es une fois ;nubuck et tissu ,trÃ¨s agrÃ©ables Ã  porter ,trÃ¨s souples"
37,TRÃˆS BON Ã‰TAT,GOLA ,2022-04-04,Baskets urbaines U.K Gola,55.0,"Paires de baskets urbaines de la marque britannique Gola couleurs marine et beige foncÃ©s (avec inscription de la marque en dorÃ©e et logo U.K sur les languettes).

En trÃ¨s bon Ã©tat gÃ©nÃ©ral (pas vraiment d'usures car peu portÃ©es). Envoi rapide et soignÃ© (brossage de chaussures effectuÃ© avant expÃ©dition)."
38,TRÃˆS BON Ã‰TAT,BOUTIQUE PARISIENNE ,2022-03-31,Baskets scratch fourrure,10.0,"baskets blanche plateforme scratch et fourrure rose
taille 37 mais grand"
39,TRÃˆS BON Ã‰TAT,ELLESSE ,2022-04-04,Baskets Ellesse,60.0,"Baskets Ellesse
Taille 37
PortÃ©es 2/3 fois
TrÃ¨s trÃ¨s bon Ã©tat"
40,TRÃˆS BON Ã‰TAT,NIKE ,2022-04-04,Baskets,45.0,excellent Ã©tat
41,TRÃˆS BON Ã‰TAT,TOD'S ,2022-04-04,Baskets tod's,99.0,"TrÃ¨s bon Ã©tat
AchetÃ©es 400 euros"
42,TRÃˆS BON Ã‰TAT,VANS ,2022-04-01,Baskets Vans,50.0,"Baskets Vans rose pÃ¢le. En bi-matiÃ¨re avec du tissus et de la suÃ©dine. TrÃ¨s bon Ã©tat, je les ai portÃ© quelques fois. Elles ont quelques traces de gomme sur la semelle. (voir photos)"
43,TRÃˆS BON Ã‰TAT,NIKE ,2022-04-04,Baskets Nike,35.0,trÃ¨s bon Ã©tat authentique et mixte va pour une femme ou enfant
44,TRÃˆS BON Ã‰TAT,LE LISSIER ,2022-04-01,Baskets Le Lissier impeccables,90.0,"Ã©tat impeccable 
tissu sans aucune tache ni rayure 
prix neuf 159 â‚¬!"
45,NEUF AVEC Ã‰TIQUETTE,LACOSTE ,2022-04-04,Baskets Lacoste,89.0,"Baskets Lacoste Neuves avec Ã©tiquette et facture.
AchetÃ©es 99.99 euros.
Taille 40.5
Je les vends car trop grandes.
Envoi rapide et soignÃ©."
46,NEUF AVEC Ã‰TIQUETTE,PUMA ,2022-04-01,baskets Puma taille 36 neuves,59.0,"toutes neuves
taille 36"
47,NEUF AVEC Ã‰TIQUETTE,ADIDAS ,2022-04-02,Baskets Adidas Team court J,45.0,"Baskets #adidas team court J 
Noir et blanche 
Neuf avec Ã©tiquette 
Taille 38.2/3 
Dans sa boÃ®te dâ€™origine 

#adidasoriginals 
#adidasteamcourt"
48,TRÃˆS BON Ã‰TAT,KARL LAGERFELD ,2022-04-02,Baskets karl lagerdeld,45.0,"TrÃ¨s bon Ã©tat
Mini griffe sur l'avant 
Taille 38
Pas de boite d'origine"
49,TRÃˆS BON Ã‰TAT,K-SWISS ,2022-04-04,Baskets KSwiss,18.0,"Baskets KSwiss
Blanches, brunes et noires
TrÃ¨s peu portÃ©es
Taille 42,5"
50,TRÃˆS BON Ã‰TAT,AIR FORCE ,2022-04-01,Baskets Nike Air force one,40.0,trÃ¨s bon Ã©tat
51,TRÃˆS BON Ã‰TAT,ADIDAS ,2022-03-19,Baskets,28.0,PortÃ© quelques fois. Des petites bouloches a l'intÃ©rieur car lavÃ© une fois Ã  la machine mais en trÃ¨s bon Ã©tat. Taille 37 1/3
52,NEUF AVEC Ã‰TIQUETTE,STEVE MADDEN ,2022-04-04,"WOUAHH!! superbes baskets sportifs,class et originales Steve Madden.",69.0,"superbes baskets, sportifs class et originales , trÃ¨s souples et trÃ¨s lÃ¨gÃ¨res."
53,NEUF AVEC Ã‰TIQUETTE,NIKE ,2022-04-04,Baskets Nike gÃ©nome neuve jamais portÃ©e taille 47,85.0,"Nike gÃ©nome
taille 47
neuve jamais portÃ©es
dans leur boÃ®te dâ€™origine sans couvercle"
54,TRÃˆS BON Ã‰TAT,ARTENGO ,2022-04-03,Baskets fille 34,7.0,"Baskets fille 
Pointure 34

#enidad58chaussures"
55,BON Ã‰TAT,PUMA ,2022-03-30,Baskets blanches,20.0,PortÃ©es peu de fois
56,TRÃˆS BON Ã‰TAT,ADIDAS ,2022-04-01,Baskets Adidas Stan Smith pt.38 2/3,32.0,"PortÃ©es quelques fois 
Couleur blanc talon lÃ©opard gris ğŸ†
En trÃ¨s bon Ã©tat quelques traces sur la semelle"
57,TRÃˆS BON Ã‰TAT,PUMA ,2022-03-24,Baskets Cali Puma,19.0,"â›” PAS D'ENVOI PAR UPS â›” 
Baskets Puma modÃ¨le Cali
Noir verni 
Taille 38,5
Vendues dans boite Puma
TrÃ¨s bon etat"
58,NEUF AVEC Ã‰TIQUETTE,NIKE AIR ,2022-04-04,Baskets Nike air zoom valeur 125 â‚¬,59.0,Baskets Nike air zoom valeur 125 â‚¬
59,NEUF SANS Ã‰TIQUETTE,PUMA ,2022-03-28,baskets puma,45.0,"baskets puma 
couleur noir blanc rose 
neuf jamais portÃ© 
vendu avec emballage d'origine"
60,TRÃˆS BON Ã‰TAT,TOMMY SPORT ,2022-04-04,Baskets lÃ©gÃ¨res,7.0,"Basket portÃ©e qu'une fois, il y a une toute petite tÃ¢che sur l'avant de la chaussure mais elle se voit Ã  peine. Sont en trÃ¨s bon Ã©tat. Je n'ai plus la boÃ®te car je l'ai jetÃ©e. Mais les baskets seront nettoyÃ©es avant l'envoi et soigneusement emballÃ©e"
66,TRÃˆS BON Ã‰TAT,REEBOK ,2022-04-04,Baskets sneakers Reebok,15.0,TrÃ¨s bon Ã©tat
67,TRÃˆS BON Ã‰TAT,SANDRO ,2022-04-04,Baskets Flame socks Sandro,100.0,"taille 37 
parfait Ã©tat
je nâ€™ai malheureusement plus la boÃ®te"
68,TRÃˆS BON Ã‰TAT,NEW BALANCE ,2022-04-04,Baskets New Balance 35,45.0,Superbes paire de baskets New Balance modele 373 parfait etat portÃ© pour 2 occasions achetÃ© en boutique 119â‚¬
69,NEUF AVEC Ã‰TIQUETTE,BIANCO ,2022-04-04,Baskets homme cuir,45.0,Baskets homme noires en cuir de la marque Bianco taille 44 neuves avec Ã©tiquettes et boÃ®te d'origine
70,TRÃˆS BON Ã‰TAT,DIESEL ,2022-04-04,Baskets diesel,10.0,"baskets portÃ©e une fois ou 2 
pointure 35 
âš ï¸ un lacet a changer voir photo"
71,BON Ã‰TAT,NIKE ,2022-03-30,Baskets Nike,17.0,"Je vends mes baskets Nike en bon Ã©tat 
taille 37.5 mais je fais du 37 normalement et Ã§a me va 
#nike #basketsfemme #baskets #nikefemme #chaussuresnike"
72,TRÃˆS BON Ã‰TAT,LIBERTO ,2022-03-26,Baskets,10.0,baskets liberto blanches Et jaune taille 39 trÃ¨s bon Ã©tat
73,TRÃˆS BON Ã‰TAT,PHILIPP PLEIN ,2022-04-04,Baskets cuir trÃ¨s classe gris vernis,90.0,trÃ¨s trÃ¨s peu mise . Philipp Plein
74,NEUF AVEC Ã‰TIQUETTE,NIKE ,2022-04-02,Baskets Nike air max up NRG taille 43,69.0,"Nike air max up NRG
taille 43
neuves jamais portÃ©es
dans leur boite dâ€™origine sans couvercle"
75,NEUF AVEC Ã‰TIQUETTE,JORDAN ,2022-03-15,"Baskets jordan mars 270 taille 49,5",75.0,"Jordan mars 270 
neuve jamais portÃ©es
authentiques
dans leur boÃ®te dâ€™origine sans couvercle"
76,NEUF AVEC Ã‰TIQUETTE,NIKE ,2022-03-30,"Baskets Nike huarache taille 49,5",69.0,"Nike huarache
taille 49,5
neuve jamais portÃ©es 
100% authentique
dans leur boÃ®te ğŸ“¦ dâ€™origine sans couvercle"
77,TRÃˆS BON Ã‰TAT,NIKE ,2022-03-31,Baskets ğŸ‘Ÿ,15.0,"ğŸ‘Ÿ Baskets bÃ©bÃ©, 22. 
 Avec boÃ®te dâ€™origine. 


â—ï¸ PRIX NON NÃ‰GOCIABLE â—ï¸"
78,TRÃˆS BON Ã‰TAT,VANS ,2022-04-04,Baskets vans plateforme,45.0,en trÃ¨s bon Ã©tat portÃ©es 2/3 fois pas plus
79,TRÃˆS BON Ã‰TAT,JIM RICKEY ,2022-04-04,Baskets Homme Jim Rickey,25.0,"Baskets Homme Jim Rickey.
Pointure 40
Dessus cuir.
Parfait Ã©tat."
80,NEUF AVEC Ã‰TIQUETTE,FILA ,2022-04-01,Baskets FILA neuves taille 41,35.0,neuves prix de base 160euros
81,TRÃˆS BON Ã‰TAT,IDEAL SHOES ,2022-03-26,Baskets,10.0,basket marque idÃ©ale shoes Beige et noir trÃ¨s bon Ã©tat taille 39
82,NEUF AVEC Ã‰TIQUETTE,FILA ,2022-04-01,Baskets FILA neuves taille 41,35.0,neuves prix de base 160euros
83,TRÃˆS BON Ã‰TAT,IDEAL SHOES ,2022-03-26,Baskets,10.0,basket marque idÃ©ale shoes Beige et noir trÃ¨s bon Ã©tat taille 39
84,TRÃˆS BON Ã‰TAT,W6YZ ,2022-03-29,Baskets W6YZ taille 45,45.0,"modÃ¨le rare, portÃ©es 3 fois

achetÃ©es 125â‚¬

hyper tendance"
85,NEUF AVEC Ã‰TIQUETTE,CONVERSE ,2022-03-28,Baskets Converse montantes cuir blanc,70.0,"Cuir souple trÃ¨s confortable.
Neuves, dans leur boite dâ€™origine.
Trop grandes pour moi."
86,NEUF AVEC Ã‰TIQUETTE,NIKE ,2022-04-04,Baskets Nike Air Max sequent neuf T 37.5,44.5,"Baskets Nike neuf 
Air max sequent 3
Taille 37.5 
Couleur lilas/ vieux rose 
Neuf jamais portÃ©"
87,TRÃˆS BON Ã‰TAT,NIKE ,2022-03-16,baskets Nike Air pastel 38,70.0,"Baskets authentiques Nike Air 
Coloris pastel ( jaune pÃ¢le, lilas, rose et vert d'eau) 
PortÃ©es quelquefois mais en trÃ¨s bon Ã©tat gÃ©nÃ©ral (voir quelques marques d'usure sur les photos mais il faut vraiment regarder de prÃ¨s pour les voir)"
88,TRÃˆS BON Ã‰TAT,ASICS ,2022-03-26,Baskets asics E703Y,25.0,TrÃ¨s bon Ã©tat
89,TRÃˆS BON Ã‰TAT,CATWALK ,2022-04-04,Baskets Catwalk beige rosÃ©,35.0,Peu portÃ©es
95,TRÃˆS BON Ã‰TAT,LE TEMPS DES CERISES ,2022-03-27,Le temps des cerises baskets,35.0,Baskets portÃ©s 2 fois
96,TRÃˆS BON Ã‰TAT,CONVERSE ,2022-03-29,Baskets,70.0,porte trÃ¨s peu
97,TRÃˆS BON Ã‰TAT,NEW BALANCE ,2022-04-04,Baskets New Balance 420,42.0,je vends une paire de baskets New Balance 420 pointure 38. article en excellent Ã©tat aucun dÃ©faut portÃ© 1 fois
98,NEUF AVEC Ã‰TIQUETTE,ADIDAS ORIGINALS ,2022-04-04,Baskets Nizza trefoil,51.99,"Neuve avec Ã©tiquette, super stylÃ©es et confortables. ExpÃ©dition rapide"
99,TRÃˆS BON Ã‰TAT,PUMA ,2022-04-04,Baskets Puma noires T36,33.0,"baskets PUMA noires, T36. trÃ¨s peu portÃ©es."
100,NEUF AVEC Ã‰TIQUETTE,STUDIO CELESTE ,2022-04-04,Baskets vegan Studio celeste NEUVES,38.0,"Baskets blanches tressÃ©es neuves, 
Marque vegan studio celeste 
Lacets blanc et dorÃ©
Jamais portÃ©es, T38"
0,TRÃˆS BON Ã‰TAT,ALEXANDER MCQUEEN,2022-03-22,,240.0,Chaussure basket Alexander Mqueen couleur blanc taille 35Traduire
1,TRÃˆS BON Ã‰TAT,VALENTINO GARAVANI,2022-03-21,,167.0,"Chaussures baskets Valentino, en excellent Ã©tat, blanches et entiÃ¨rement en cuir. 
 Semelle lÃ©gÃ¨rement haute avec une texture sale.Traduire"
2,NEUF SANS Ã‰TIQUETTE,BURBERRY,2022-04-01,,223.43,"Chaussures baskets Burberry
Taille 41
ModÃ¨le : Ronnie
Couleur : blanc et noir
Neuf sans boite Ã  chaussures
Lacets un peu abÃ®mÃ©s car coincÃ© dans le velcro 
 Ajustement fidÃ¨le Ã  la tailleTraduire"
3,TRÃˆS BON Ã‰TAT,CELINE,2022-03-15,,147.0,Chaussures baskets Celine taille 37 avec logoTraduire
4,TRÃˆS BON Ã‰TAT,LANVIN,2022-03-13,,81.0,"Chaussures baskets basses Lanvin pour hommes Gris avec dÃ©tails en cuir. 

Bout en amande, fermeture Ã  lacer sur le devant, coutures ton sur ton, semelle intÃ©rieure Ã  logo, chevilles rembourrÃ©es, dÃ©tails dâ€™Å“illets, semelle plate en caoutchou...Lire la suiteTraduire"
5,NEUF SANS Ã‰TIQUETTE,VALENTINO GARAVANI,2022-03-13,,230.0,"Chaussures baskets Valentino avec logo V imprimÃ© sur le cÃ´tÃ© 
 cuir de veau. Semelle en caoutchouc blanc.Traduire"
6,NEUF SANS Ã‰TIQUETTE,NIKE,2022-03-22,,58.0,"chaussures baskets mixtes Ã  lacets
En cuir 
Marque: Nike
pointure: 38 (elles taillent normalement)
couleurs: noir et blanc 
authentiques
neuves jamais portÃ©es
Packaging : Boite Ã  chaussuresTraduire"
7,SATISFAISANT,PRADA,2022-03-27,,115.0,Chaussures Baskets Prada. Voir les photos pour Ã©valuer les conditionsTraduire
8,NEUF SANS Ã‰TIQUETTE,TOD'S,2022-03-10,,75.0,"Chaussure basket tods noir 
PortÃ©es 2 fois, comme neuvesTraduire"
9,TRÃˆS BON Ã‰TAT,JIMMY CHOO,2022-03-05,,180.0,"Chaussures baskets Jimmy Choo Miami en suede/paillettes beige/platinum ice taille 37,5. Je les ai portÃ© 3x et elles sont neuves/en excellent Ã©tat (voir semelles sur photos). Soigneusement gardÃ©es. Je les vends car elles sont lÃ©gÃ¨rement trop...Lire la suiteTraduire"
10,TRÃˆS BON Ã‰TAT,HOGAN,2022-03-30,,70.0,"Chaussures baskets Ã  bout en daim beige et tissu lurex dorÃ©.
Traduire"
11,NEUF SANS Ã‰TIQUETTE,JORDAN,2022-01-17,,189.0,"Chaussures baskets - Air Jordan 1 mid se ""Dark Mocha"" 
 Mod.num. DC7294-200 
 Coloration : Chocolat noir / crimson bliss 
 Taille eur 43 / us 9.5 / UK 8.5 
 Nouveau produit original avec facture prouvant l'authenticitÃ©.
Packaging : Boite Ã  ...Lire la suiteTraduire"
12,NEUF SANS Ã‰TIQUETTE,NIKE,2022-01-03,,74.0,"Chaussures / baskets / baskets neuves d'origine de la marque nike.
 nike dunk hi, avec une plateforme interne d'environ 8 cm environ 
 Ã©dition spÃ©ciale 
 taille 42,5 europÃ©enne, 27,6 cmTraduire"
13,BON Ã‰TAT,VEJA,2022-04-03,,40.0,Chaussures baskets petite fille taille 24 taille petitTraduire
14,SATISFAISANT,DISNEY X GUCCI,2022-02-17,,136.61,Chaussures baskets homme Gucci. Disney trois petits cochons. Semelle intÃ©rieure neuve jamais utilisÃ©e. BoÃ®te disponibleTraduire
15,TRÃˆS BON Ã‰TAT,VALENTINO GARAVANI,2022-03-25,,260.0,"Chaussures baskets Valentino Garavani 
 modÃ¨le sans lacets 
 100% d'origine 
 taille 38 
 blanc-rose 
 avec boite d'origine, sac, Ã©tiquettes [[2] ]] excellent Ã©tat, portÃ© trÃ¨s peu de fois. 
 prix d'origine 490 â‚¬Traduire"
16,BON Ã‰TAT,CONVERSE,2022-03-25,,45.0,"Chaussures baskets All Star en velours noir avec intÃ©rieur en laine colorÃ©e 
 taille 5 1/5 ou 38. 
 introuvable 

Packaging : Boite Ã  chaussuresTraduire"
17,NEUF SANS Ã‰TIQUETTE,FURLA,2022-03-25,,121.29,"Chaussures baskets FURLA noir/dorÃ©/blanc

Ã‰tat neuf

AchetÃ©es 245Â Â£

Taille 39Â EUR, taille parfaitement 39.5 UK 6.5

Semelles environ 26cmTraduire"
18,TRÃˆS BON Ã‰TAT,MOSCHINO LOVE,2022-02-06,,48.0,"Chaussures baskets en cuir et daim noir. 
 Semelle et doublure intÃ©rieure couleur crÃ¨me avec Ã©criture 
 Love Moschino. 
 Lacets blancs et cÃ´tÃ©s cÅ“ur en cuir noir. 

Packaging : Boite Ã  chaussuresTraduire"
19,BON Ã‰TAT,CESARE PACIOTTI,2022-03-27,,49.0,Chaussure baskets Paciotti 4US. UtilisÃ© mais en excellente condition. n.m. 44. belleTraduire
20,NEUF SANS Ã‰TIQUETTE,BABY DIOR,2021-12-18,,124.0,"Chaussures baskets montantes baby Dior 
en cuir retournÃ© gris nights 
fourrure intÃ©rieur 
en pointure 22
parfait pour cet hiver
neuf
jamais portÃ© 
avec boÃ®te et dustbag 
parfait pour un cadeau 
valeur 390â‚¬Traduire"
22,NEUF SANS Ã‰TIQUETTE,BALLY,2021-11-25,,95.0,"Chaussure basket BALLY, en cuir pleine fleur, 

 avec dÃ©tails de laque rose. Jamais portÃ©e. 

 Coffret disponible. (Le pris de vente Ã©tait de 450 â‚¬ )
Packaging : Boite Ã  chaussuresTraduire"
23,BON Ã‰TAT,SANTONI,2022-01-18,,45.0,Chaussures baskets Santoni taille 40 blanches et beiges bon Ã©tat.Traduire
24,BON Ã‰TAT,MIU MIU,2022-03-17,,469.0,"Chaussure baskets Miu Miu chic avec plateau et diamants Ã  la pointe de la chaussure. TrÃ¨s peu portÃ©, en excellent Ã©tat. Le tissu est en nappa (cuir souple) et prÃ©sente de petits dÃ©fauts dans le cuir comme sur la photo (trÃ¨s petites taches)....Lire la suiteTraduire"
25,TRÃˆS BON Ã‰TAT,SAINT LAURENT,2021-11-15,,150.0,"chaussures/baskets en cuir noir avec Ã©toiles dorÃ©es en excellent Ã©tat trÃ¨s peu portÃ©es.
 41,5 unisexe 
Traduire"
26,TRÃˆS BON Ã‰TAT,POLO RALPH LAUREN,2022-03-22,,33.0,"Chaussures baskets rouges Polo !! taille 20 EU.13,4 cm.chaussures unisexes modernes ğŸˆğŸˆâ˜ºï¸â˜ºï¸en trÃ¨s bon Ã©tat !!Traduire"
27,BON Ã‰TAT,ADIDAS,2022-01-16,,35.0,Chaussures baskets Adidas Campus en bon Ã©tatTraduire
28,TRÃˆS BON Ã‰TAT,NIKE,2021-11-06,,48.64,"Chaussures baskets Nike, trÃ¨s bonne configuration. Noir avec silvestru et signal Nike dorÃ©, matiÃ¨re textile.Traduire"
29,TRÃˆS BON Ã‰TAT,HOGAN,2021-10-22,,57.0,Chaussures baskets modÃ¨le hogan bien conservÃ©es puisque portÃ©es quelques foisTraduire
30,BON Ã‰TAT,HOGAN,2022-03-21,,45.0,"Chaussures baskets en daim bleu Hogan portÃ©es quelques fois, en bon Ã©tat, pointure 37Traduire"
31,TRÃˆS BON Ã‰TAT,SAINT LAURENT,2021-09-25,,105.0,"Chaussures Baskets Yves Saint Laurent
Taille 39
En etat trÃ¨s trÃ¨s bien
Ca vient avec le dustbagTraduire"
32,NEUF SANS Ã‰TIQUETTE,ADIDAS,2021-10-20,,44.0,"Chaussures Basket Sport style basketball de marque Adidas en taille 38/5. Â 
Neufs dans leur boÃ®te dâ€™origine (en parfait Ã©tat)

Packaging : Boite Ã  chaussuresTraduire"
33,NEUF SANS Ã‰TIQUETTE,PIERRE HARDY,2021-08-20,,80.43,"Chaussures baskets basses pour femmes Pierre Hardy en cuir verni bleu clair. 

Taille uk 6 Eu 39

Avec boite et dustbag ainsi que lacets de rechange.Traduire"
34,TRÃˆS BON Ã‰TAT,PHILIPPE MODEL,2022-03-04,,100.0,"Chaussures baskets en cuir noir, sur le cÃ´tÃ© il y a une myriade de clous argentÃ©s. 
 TrÃ¨s glamour. Ils correspondent Ã  un droit 39Traduire"
35,NEUF SANS Ã‰TIQUETTE,HARRYS OF LONDON,2021-08-20,,84.26,"Chaussures baskets Ã  enfiler Harry's of London pour hommes, en cuir multicolore noir et blanc. 

Taille Uk 6 Eu 39


Avec boÃ®te et sac Ã  poussiÃ¨re.Traduire"
36,TRÃˆS BON Ã‰TAT,DIOR HOMME,2021-05-06,,134.0,"Chaussures / Baskets DIOR Ã  lacets.
TrÃ¨s classe, pour une tenue habillÃ©e ou casual.
Pointure: marquÃ© 41.
IntÃ©rieur en cuir !
PortÃ©s 2 fois seulement !
Article ORIGINAL, voir tous les inscriptions de la marque : sur la semelle intÃ©rieure, se...Lire la suiteTraduire"
37,NEUF SANS Ã‰TIQUETTE,DC SHOES,2021-08-05,,56.18,"Chaussures / baskets trÃ¨s confortables Ã  carreaux noirs et blancs. Avoir une autre paire similaire, donc vendre celle-ci.Traduire"
38,BON Ã‰TAT,PRADA,2022-02-19,,115.0,"Chaussures baskets femme Prada 
 Taille 37 IT 
 Pointure semelle 26 cm 
 Bon Ã©tat gÃ©nÃ©ral 
 Il prÃ©sente des taches 
 (Regardez la photo)Traduire"
39,TRÃˆS BON Ã‰TAT,KENZO,2021-05-02,,72.0,"Chaussures /baskets Kenzo 
MatiÃ¨res : daim et nubuk 
DÃ©tail Ã©lastiqueTraduire"
40,BON Ã‰TAT,GUCCI,2022-02-16,,48.65,"Chaussures, baskets, chamois en daim jusqu'Ã  la cheville et bottes gucci pour filles Les chaussures sont sans dommage, ont des signes d'utilisation normaux visibles sur la photo Taille 33 Les baskets ne sont pas isolÃ©es, les bottes sont dÃ©c...Lire la suiteTraduire"
41,TRÃˆS BON Ã‰TAT,LOUIS VUITTON,2021-10-15,,648.88,"Chaussures baskets baskets femme Louis Vuitton archlight roses. Ã‰tiquette monogramme au dos. 

Taille uk 4 eu 37

PortÃ© quelques fois dans un Ã©tat impeccable avec des sacs Ã  poussiÃ¨re.

Ã‰DITION LIMITÃ‰ETraduire"
42,NEUF AVEC Ã‰TIQUETTES,ADIDAS,2022-01-30,,80.0,"Chaussures baskets 
 Fermeture Ã  lacets 
 Tige en mesh avec revÃªtements en TPU 
 Semelle intÃ©rieure confortable 
 Semelle intermÃ©diaire rÃ©active 
 Semelle en caoutchouc 
 Nouveau, jamais portÃ©, avec Ã©tiquetteTraduire"
43,TRÃˆS BON Ã‰TAT,NEW BALANCE,2021-02-25,,30.0,Chaussures basketsTraduire
44,NEUF SANS Ã‰TIQUETTE,ACNE STUDIOS,2021-09-24,,228.35,"Chaussures/baskets Acne Studios Anton en cuir bleu.
RRP 390 USD
Taille 44
Neuf et jamais portÃ©, mais avec une petite tache jaune sur la chaussure gauche Ã  l'avant de la semelle .Traduire"
45,BON Ã‰TAT,COACH,2022-02-07,,42.0,"chaussures/baskets/baskets/outdoor Original Coach en monogramme avec C. bon Ã©tat gÃ©nÃ©ral, traces d'usure soulignÃ©es de lÃ©gÃ¨res craquelures comme le montrent les photos dÃ©taillÃ©es ! taille 10B Ã©quivalent Ã  41,5, pour Ã©viter toute dÃ©ception j...Lire la suiteTraduire"
46,NEUF SANS Ã‰TIQUETTE,PAUL&SHARK,2021-12-01,,80.0,"Chaussures baskets femme Paul & Shark, argent, pointure 38. 
 NEUF avec Ã©tiquette, Ã©tui et boite. Mauvais achat.Traduire"
47,TRÃˆS BON Ã‰TAT,SERGIO ROSSI,2021-12-18,,65.0,"Rare chaussures baskets Ã  talons hauts Puma de Sergio Rossi original nr. 39, couleur blanc glacier 
 PortÃ© une seule fois, excellent Ã©tat 
 LivrÃ© avec boite d'origine et dustbag 
Traduire"
48,NEUF SANS Ã‰TIQUETTE,PAUL&SHARK,2021-12-01,,80.0,"Chaussures baskets femme Paul & Shark, argent, pointure 38. 
 NEUF avec Ã©tiquette, Ã©tui et boite. Mauvais achat.Traduire"
49,TRÃˆS BON Ã‰TAT,HOGAN,2022-01-11,,59.0,"Chaussures/baskets Ã  lacets grises et confortables dans un mÃ©lange de matiÃ¨res en daim, cuir, cuir verni et matiÃ¨re synthÃ©tique impermÃ©able. Semelle amovible pour que les chaussures puissent Ã©galement Ãªtre portÃ©es avec des semelles intÃ©rieu...Lire la suiteTraduire"
50,NEUF SANS Ã‰TIQUETTE,HOGAN,2021-10-21,,155.0,"Chaussures baskets femme Hogan, numÃ©ro 36,5, modÃ¨le H328, en daim dans les tons marron et plateforme Ã  rayures blanches, noires et orange, hauteur 4,5 cm, fermeture Ã  lacets 
 Avec boite d'origine 
 Neuf jamais portÃ©Traduire"
51,TRÃˆS BON Ã‰TAT,SERGIO ROSSI,2021-12-18,,65.0,"Rare chaussures baskets Ã  talons hauts Puma de Sergio Rossi original nr. 39, couleur blanc glacier 
 PortÃ© une seule fois, excellent Ã©tat 
 LivrÃ© avec boite d'origine et dustbag 
Traduire"
52,TRÃˆS BON Ã‰TAT,GIUSEPPE ZANOTTI,2021-12-03,,150.0,"belles chaussures baskets Zanotti en daim et cuir 
 numÃ©ro 39 taillent Ã©galement 38 
 confortable 
 comme neuf 
 Traduire"
53,NEUF SANS Ã‰TIQUETTE,CHRISTIAN LOUBOUTIN,2022-01-19,,766.03,"Nouvelles chaussures / baskets Christian Louboutin. Jamais portÃ©, juste conservÃ© comme piÃ¨ce de collection. ConservÃ© dans sa boÃ®te comme neuf, tous les reÃ§us, emballages, sacs Ã  poussiÃ¨re, lacets de rechange supplÃ©mentaires et boÃ®te inclus....Lire la suiteTraduire"
54,TRÃˆS BON Ã‰TAT,HOGAN,2021-03-13,,60.0,"FABULEUSES chaussures / baskets Hogan 
 Daim noir et strass 
 Pointure 36 
 Superbe Ã©tat. 
 Elles seraient superbes sous un short, un jean ou ce que vous voulez. Jetez un Å“il aux photos Traduire"
55,NEUF SANS Ã‰TIQUETTE,CANDICE COOPER,2022-03-31,,75.0,"Candice Cooper chaussures baskets en cuir fin, pointure 39 EU, neuves sans Ã©tiquette. AgrÃ©able et Ã©lÃ©gant, parfait pour la promenade quotidienne. Cuir beige fin comme des gants. Semelle intÃ©rieure 25,5 cm, plateforme 2 cm.Traduire"
56,TRÃˆS BON Ã‰TAT,TOD'S,2022-02-20,,79.0,"Tod's project chaussures baskets 37.5 femme en daim bleu portÃ©es deux fois, excellent Ã©tat comme le montrent les photos 
 Coupe confortable 
 LivrÃ©es sans boite d'origineTraduire"
57,TRÃˆS BON Ã‰TAT,HOGAN,2022-01-13,,35.0,A vendre chaussures baskets Hogan rebel en daim marron. Semelle noire. Taille 36Traduire
58,BON Ã‰TAT,PRADA,2021-10-25,,52.0,"PRADA Bottines Chaussures Baskets montantes. Couleur grise. 100% cuir. Excellent Ã©tat, comme on peut le voir sur les images. Coutures et couleur ok. Pas de taches. Absence de semelles intÃ©rieures.Traduire"
59,BON Ã‰TAT,PRADA,2021-06-24,,57.0,Jolie petite chaussures basket compensÃ©e prada en cuir et nubuck taille 35 portÃ©e mais encore en bonne etatTraduire
60,TRÃˆS BON Ã‰TAT,VALENTINO GARAVANI,2022-01-23,,263.0,"Valentino garavani chaussures baskets multicolore 42 
 excellentes conditions gÃ©nÃ©rales 
 n 42 
 avec kit d'origine 
 carte de boÃ®te et lacets de rechange 
 Je vends pour un mauvais numÃ©ro [ [2]] valentino baskets chaussures garavaniTraduire"
61,TRÃˆS BON Ã‰TAT,LIVIANA CONTI,2022-02-08,,65.0,"Liviana conti chaussures baskets comme neuves, sans boite, bleu rose et jaune. 
 Conditions optimales. 
Traduire"
62,TRÃˆS BON Ã‰TAT,TORY BURCH,2022-01-16,,148.0,"Tory Burch chaussures baskets haute taille 9 US blanches 
 
 Excellent Ã©tat, complet avec boite. Taille intÃ©rieure de la semelle 26 cm.
 
Traduire"
63,NEUF SANS Ã‰TIQUETTE,SAINT LAURENT,2021-12-18,,350.0,"Paire de chaussures baskets Yves Saint Laurent . 
En cuir noir avec des Ã©toiles (cloutÃ©es) dessus . 
Jamais portÃ©es, neuves, avec boite, un dustbag et lacets de rechange . 
SignÃ©es Saint Laurent Ã  l'arriÃ¨re et sur la languette . 
Pointure 4...Lire la suiteTraduire"
64,SATISFAISANT,DOLCE & GABBANA,2022-02-08,,77.0,Dolce gabbana chaussures baskets lÃ©opard taille 37Traduire
65,NEUF SANS Ã‰TIQUETTE,MOSCHINO,2022-03-30,,160.0,"Moschino Teddy pop chaussures baskets homme taille 45 avec semelle intÃ©rieure en mousse Ã  mÃ©moire.
 Neuf jamais utilisÃ©, y compris boite, sac et Ã©tiquette.
 Sans facture d'achat
Packaging : Boite Ã  chaussuresTraduire"
66,BON Ã‰TAT,LOUIS VUITTON,2021-08-14,,160.0,"Authentique paire de chaussure basket Louis Vuitton Ã  lacets
Pointure 6,5.  40,5
Bon Ã©tat
Cuir noirTraduire"
67,TRÃˆS BON Ã‰TAT,YOHJI YAMAMOTO,2021-04-20,,125.0,YOJHI YAMAMOTO ADIDAS chaussures baskets noires - utilisÃ© quelques foisTraduire
68,TRÃˆS BON Ã‰TAT,MAISON MARTIN MARGIELA,2022-02-10,,225.0,"ModÃ¨le ""RETRO FIT"" noir, chaussures baskets basses avec dÃ©coupe et Ã©raflure pour obtenir un effet usÃ©. Collection Automne/Hiver 18. Ouverture frontale avec bande velcro et lacets. Avec boite et dustbag. Taille : 41EU. Composition : 100 % cu...Lire la suiteTraduire"
69,BON Ã‰TAT,NIKE,2022-03-28,,102.14,"Nike Air Max box chaussures baskets bottines.
PortÃ©es une saison. Super confortable car ce sont des Air Max. Conception de botte rare. Pas d'emballage d'origine dÃ©solÃ©Traduire"
70,TRÃˆS BON Ã‰TAT,P448,2022-01-21,,50.0,"P448 John White 37 EU chaussures, baskets 
 PortÃ©es seulement quelques jours, trÃ¨s confortables.
 Excellent Ã©tat, aucun dÃ©faut. 
 Je vends parce que vous achetez pour la deuxiÃ¨me fois, mais Ã  peine utilisÃ© 
 Ils portent la taille dÃ©clarÃ©e (...Lire la suiteTraduire"
71,BON Ã‰TAT,LOUIS VUITTON,2022-01-21,,529.0,"Article original de notre collection :

 Chaussures Baskets Louis Vuitton Archlight Femme

CouleurÂ : Multicolore, MatiÃ¨reÂ : Tissu, dÃ©tails en cuir, TailleÂ : 37EU, 6.5US , 4UK
EtatÂ : bon Ã©tat d'usage, quelques traces d'utilisation comme...Lire la suiteTraduire"
73,NEUF SANS Ã‰TIQUETTE,MOSCHINO,2022-03-07,,164.7,"Moschino Milano Blanc High Top Cheville Camvas Chaussures Baskets Baskets UK4/37

MarqueÂ : Moschino Milano
100Â % authentique 
MatiÃ¨re extÃ©rieureÂ : coton et cuir de haute qualitÃ© [ [2]]FermetureÂ : dentelle
DÃ©tailsÂ : imprimÃ© Moschino Milano Ã ...Lire la suiteTraduire"
74,TRÃˆS BON Ã‰TAT,NON SIGNÃ‰ / UNSIGNED,2022-03-26,,42.0,Belles sandales ... super Lea Foscati !! Sandales compensÃ©es chaussures baskets ... l'Ã©tÃ© arrive !! La bonne hauteur pour ne pas tomber par terreâ˜ºï¸ je les ai utilisÃ© une fois ils sont trÃ¨s doux mais j'ai un peu changÃ© de style et je les por...Lire la suiteTraduire
75,TRÃˆS BON Ã‰TAT,NIKE,2022-01-21,,55.0,"Nike Air Force 1 Shadow white 36.5 EU - Chaussures, baskets 
 comme neuves, portÃ©es seulement quelques jours 
 sans boÃ®te extÃ©rieure d'origine
Packaging : DustbagTraduire"
76,NEUF SANS Ã‰TIQUETTE,GUCCI,2021-10-08,,300.03,"Nouvelles escarpins Ã  enfiler en cuir noir Gucci pour hommes. Chaussures baskets basses. Toile noire et grise

Taille uk 7 eu 41Traduire"
77,NEUF SANS Ã‰TIQUETTE,CHRISTIAN LOUBOUTIN,2021-08-24,,540.73,"Christian Louboutin hommes flambant neuf nÃ©on jaune citron vert rantulow Orlato chaussures baskets basses plates. 
Cuir Daim pressÃ©
Taille uk 7 Eu 41

Neuf avec boite, dustbag, lacets de rechange et facture . Petite marque prÃ¨s du devan...Lire la suiteTraduire"
78,NEUF SANS Ã‰TIQUETTE,BOTTEGA VENETA,2022-02-09,,375.0,"Baskets BOTTEGA VENETA FLASH 
Ã‰tatÂ : Neuves et jamais portÃ©es 
EmballageÂ : BoÃ®te Ã  chaussures 
Baskets Ã  enfiler en cuir
MatiÃ¨reÂ : 100Â % cuir d'agneau
Doublure : Tissu mesh sportif Couleur : String Semelle extÃ©rieure en caoutchouc
Made in I...Lire la suiteTraduire"
79,NEUF SANS Ã‰TIQUETTE,ALEXANDER MCQUEEN,2022-01-10,,408.55,"Bottines Alexander McQueen pour femmes neuves en velours rose, cuir avec semelles oversize noires. Chaussures baskets. 

Taille uk 4 eu 37

Neuf sans boite.Traduire"
80,NEUF SANS Ã‰TIQUETTE,JIMMY CHOO,2022-01-19,,903.01,"SNEAKERS EN CUIR DIAMOND NOIR ROSE

Magnifique tout neuf avec Ã©tiquettes, dustbag et boÃ®te Ã  chaussures. Baskets Jimmy Choo 100 % authentiques.
ModÃ¨le : baskets Â« Diamond trail/F EHL bubble Â» noires/roses.
Couleur : noir Ã©lectrique/rose
Mat...Lire la suiteTraduire"
81,BON Ã‰TAT,HOGAN,2022-01-20,,45.0,"Chaussure Hogan grise avec inserts argentÃ©s...  bon Ã©tat ,sauf legÃ© jaunissement sur le bas de la chaussure, baskets de sport basses en toile fourni avec sa boÃ®te et son dustbag . Pointure 40 EU.Traduire"
82,BON Ã‰TAT,DR. MARTENS,2022-04-02,,127.67,"Bienvenue dans ma boutique en ligne avec tous les vÃªtements et accessoires authentiques.
Offre du jourÂ :
Chaussures baskets MOSCHINO
DÃ©tailsÂ :
Taille de l'Ã©tiquetteÂ : 36
Taille suggÃ©rÃ© aprÃ¨s mesures : 36
MatiÃ¨reÂ : cuir peint 
Ã‰tatÂ : BON
Cou...Lire la suiteTraduire"
83,NEUF SANS Ã‰TIQUETTE,MOSCHINO,2022-03-20,,319.18,"Bienvenue dans ma boutique en ligne avec tous les vÃªtements et accessoires authentiques.
Offre du jourÂ :
Chaussures baskets MOSCHINO
DÃ©tailsÂ :
Taille de l'Ã©tiquetteÂ : 43
Taille suggÃ©rÃ© aprÃ¨s mesuresÂ : 43
MatiÃ¨reÂ : cuir
Ã‰tatÂ : NEUF, sans boÃ®...Lire la suiteTraduire"
84,NEUF SANS Ã‰TIQUETTE,CARVEN,2021-04-23,,49.79,"Jamais portÃ© avec la boÃ®te d'origine et le dustbag. Dommages cosmÃ©tiques mineurs sur la boÃ®te Ã  chaussures. 
 Baskets modÃ¨le Resonance en cuir verni 'imprimÃ© marbre'.Traduire"
85,NEUF SANS Ã‰TIQUETTE,JIMMY CHOO,2022-01-19,,903.01,"BASKETS EN CUIR NOIR ROSE Jimmy Choo DIAMOND ğŸ–¤

Magnifique tout neuf avec Ã©tiquettes, dustbag et boÃ®te Ã  chaussures. Baskets Jimmy Choo 100 % authentiques.
ModÃ¨le : baskets Â« Diamond trail/F EHL bubble Â» noires/roses.
Couleur : noir Ã©lectr...Lire la suiteTraduire"
86,NEUF SANS Ã‰TIQUETTE,ADIDAS,2021-07-04,,46.0,"Adidas campus femme

Campus rose camouflage  

Avec boÃ®te  

100% authentique  

Baskets adidas Originals Campus pour femme en rose glacÃ© / marron clair / blanc chaussures Baskets de basket emblÃ©matiques qui ont influencÃ© la mode, l...Lire la suiteTraduire"
87,NEUF SANS Ã‰TIQUETTE,ADIDAS,2021-07-04,,46.0,"Adidas campus femme

Campus rose camouflage  

Avec boÃ®te  

100% authentique  

Baskets adidas Originals Campus pour femme en rose glacÃ© / marron clair / blanc chaussures Baskets de basket emblÃ©matiques qui ont influencÃ© la mode, l...Lire la suiteTraduire"
88,NEUF SANS Ã‰TIQUETTE,ADIDAS,2021-07-04,,47.0,"Adidas campus femme

Campus rose camouflage  

Avec boÃ®te  

100% authentique  

Baskets adidas Originals Campus pour femme en rose glacÃ© / marron clair / blanc chaussures Baskets de basket emblÃ©matiques qui ont influencÃ© la mode, l...Lire la suiteTraduire"
89,NEUF SANS Ã‰TIQUETTE,ADIDAS,2021-07-04,,46.0,"Adidas campus femme

Campus rose camouflage  

Avec boÃ®te  

100% authentique  

Baskets adidas Originals Campus pour femme en rose glacÃ© / marron clair / blanc chaussures Baskets de basket emblÃ©matiques qui ont influencÃ© la mode, l...Lire la suiteTraduire"
90,NEUF SANS Ã‰TIQUETTE,ADIDAS,2021-07-04,,47.0,"Adidas campus femme

Campus rose camouflage  

Avec boÃ®te  

100% authentique  

Baskets adidas Originals Campus pour femme en rose glacÃ© / marron clair / blanc chaussures Baskets de basket emblÃ©matiques qui ont influencÃ© la mode, l...Lire la suiteTraduire"
91,BON Ã‰TAT,LOEFFLER RANDALL,2022-03-18,,94.48,"Restez dÃ©contractÃ© et insouciant avec une sneaker basse Ã  glands en cuir rose Å“illet lisse et dÃ©tail de glands sur la tige. Un excellent article Ã  ajouter Ã  votre collection de chaussuresÂ !
Baskets Loeffler Randall Logan Tassel en cuir rose...Lire la suiteTraduire"
93,NEUF SANS Ã‰TIQUETTE,NIKE,2022-03-09,,180.0,"ğŸ¤Dunk Low Tow Tone Grey

ğŸ”Etat : DS 10/10, neuves jamais portÃ©es

ğŸ“Taille : EU36.5/US4.5
ğŸ“¦Envoi soignÃ© et sÃ©curisÃ© en double boÃ®tes, le jour mÃªme 

Nâ€™hÃ©sitez pas Ã  jeter un coup dâ€™oeil Ã  mes autres articles !ğŸ˜‰   

#sneakers #c...Lire la suiteTraduire"
97,NEUF SANS Ã‰TIQUETTE,NIKE,2022-03-09,,180.0,"ğŸ¤Dunk Low Tow Tone Grey

ğŸ”Etat : DS 10/10, neuves jamais portÃ©es

ğŸ“Taille : EU36.5/US4.5
ğŸ“¦Envoi soignÃ© et sÃ©curisÃ© en double boÃ®tes, le jour mÃªme 

Nâ€™hÃ©sitez pas Ã  jeter un coup dâ€™oeil Ã  mes autres articles !ğŸ˜‰   

#sneakers #c...Lire la suiteTraduire"
100,NEUF SANS Ã‰TIQUETTE,THE ROW,2022-03-20,,300.0,Baskets/Chaussures The RowTraduire
